{
	"$schema": "http://schema.management.azure.com/schemas/2015-01-01/deploymentParameters.json#",
	"contentVersion": "1.0.0.0",
	"parameters": {
		"appNsg": {
			"value": "Default"
		},
		"mgmtNsg": {
			"value": "Default"
		},
		"numSubnets": {
			"value": 1
		},
		"provisionPublicIP": {
			"value": false
		},
		"restrictedSrcMgmtAddress": {
			"value": "*"
		},
		"restrictedSrcMgmtPort": {
			"value": "*"
		},
		"tagValues": {
			"value": {
				"application": "APP",
				"cost": "COST",
				"environment": "ENV",
				"group": "GROUP",
				"owner": "OWNER"
			}
		},
		"virtualNetworkName": {
			"value": "virtualNetwork"
		},
		"vnetAddressPrefix": {
			"value": "10.0"
		}
	}
}