{
	"$schema": "https://schema.management.azure.com/schemas/2015-01-01/deploymentTemplate.json#",
	"contentVersion": "1.0.0.0",
	"parameters": {
		"artifactLocation": {
			"defaultValue": "f5-azure-arm-templates-v2/examples/",
			"metadata": {
				"description": "Location where modules folder is stored."
			},
			"type": "string"
		},
		"templateBaseUrl": {
			"defaultValue": "https://cdn.f5.com/product/cloudsolutions/",
			"metadata": {
				"description": "URL where templates are stored."
			},
			"type": "string"
		}
	},
	"variables": {
		"deploymentApiVersion": "2019-05-01"
	},
	"resources": [
		{
			"apiVersion": "[variables('deploymentApiVersion')]",
			"name": "networkTemplate",
			"properties": {
				"mode": "Incremental",
				"parameters": {
					"appNsg": {
						"value": "Default"
					},
					"mgmtNsg": {
						"value": "Default"
					},
					"numSubnets": {
						"value": 2
					},
					"provisionPublicIP": {
						"value": false
					},
					"restrictedSrcMgmtAddress": {
						"value": "*"
					},
					"restrictedSrcMgmtPort": {
						"value": "*"
					},
					"tagValues": {
						"value": {
							"application": "APP",
							"cost": "COST",
							"environment": "ENV",
							"group": "GROUP",
							"owner": "OWNER"
						}
					},
					"virtualNetworkName": {
						"value": "virtualNetwork"
					},
					"vnetAddressPrefix": {
						"value": "10.0"
					}
				},
				"templateLink": {
					"contentVersion": "1.0.0.0",
					"uri": "[concat(parameters('templateBaseUrl'), parameters('artifactLocation'), 'modules/network/network.json')]"
				}
			},
			"type": "Microsoft.Resources/deployments"
		}
	],
	"outputs": {
		"appNSG": {
			"type": "string",
			"value": "[reference('networkTemplate').outputs.appNSG.value]"
		},
		"appSubnet": {
			"type": "string",
			"value": "[reference('networkTemplate').outputs.appSubnet.value]"
		},
		"mgmtNSG": {
			"type": "string",
			"value": "[reference('networkTemplate').outputs.mgmtNSG.value]"
		},
		"mgmtSubnet": {
			"type": "string",
			"value": "[reference('networkTemplate').outputs.mgmtSubnet.value]"
		},
		"virtualNetwork": {
			"type": "string",
			"value": "[reference('networkTemplate').outputs.virtualNetwork.value]"
		}
	}
}