{
	"$schema": "https://schema.management.azure.com/schemas/2015-01-01/deploymentTemplate.json#",
	"contentVersion": "1.0.0.0",
	"parameters": {
		"artifactLocation": {
			"defaultValue": "f5-azure-arm-templates-v2/examples/",
			"metadata": {
				"description": "Location where modules folder is stored."
			},
			"type": "string"
		},
		"templateBaseUrl": {
			"defaultValue": "https://cdn.f5.com/product/cloudsolutions/",
			"metadata": {
				"description": "URL where templates are stored."
			},
			"type": "string"
		}
	},
	"variables": {
		"deploymentApiVersion": "2019-05-01"
	},
	"resources": [
		{
			"apiVersion": "[variables('deploymentApiVersion')]",
			"name": "functionTemplate",
			"properties": {
				"mode": "Incremental",
				"parameters": {
					"vmssName": {
						"value": "vmssId"
					},
					"bigIqAddress": {
						"value": "Default"
					},
					"bigIqLicensePoolName": {
						"value": "Default"
					},
					"bigIqLicenseSkuKeyword1": {
						"value": "Default"
					},
					"bigIqLicenseUnitOfMeasure": {
						"value": "Default"
					},
					"bigIqUsername": {
						"value": "Default"
					},
					"bigIqTenant": {
						"value": "Default"
					},
					"bigIqUtilityKey": {
						"value": "Default"
					},
					"bigIqUtilityOffer": {
						"value": "Default"
					},
					"functionAppName": {
						"value": "functionApp"
					},
					"functionAppSku": {
						"value": {
							"Tier": "ElasticPremium",
							"Name": "EP1"
						}
					},
					"functionAppVnetId": {
						"value": "Default"
					},
					"tagValues": {
						"value": {
							"application": "APP",
							"cost": "COST",
							"environment": "ENV",
							"group": "GROUP",
							"owner": "OWNER"
						}
					}
				},
				"templateLink": {
					"contentVersion": "1.0.0.0",
					"uri": "[concat(parameters('templateBaseUrl'), parameters('artifactLocation'), 'modules/function/function.json')]"
				}
			},
			"type": "Microsoft.Resources/deployments"
		}
	],
	"outputs": {
		"storageAccount": {
			"type": "string",
			"value": "[reference('functionTemplate').outputs.storageAccount.value]"
		},
		"hostingPlan": {
			"type": "string",
			"value": "[reference('functionTemplate').outputs.hostingPlan.value]"
		},
		"functionApp": {
			"type": "string",
			"value": "[reference('functionTemplate').outputs.functionApp.value]"
		},
		"keyVault": {
			"type": "string",
			"value": "[reference('functionTemplate').outputs.keyVault.value]"
		},
		"applicationInsights": {
			"type": "string",
			"value": "[reference('functionTemplate').outputs.applicationInsights.value]"
		}
	}
}