{
    "Common": {
        "class": "Tenant",
        "dbvars": {
            "class": "DbVariables",
            "provision.extramb": 500,
            "restjavad.useextramb": true
        },
        "myDns": {
            "class": "DNS",
            "nameServers": [
                "8.8.8.8"
            ]
        },
        "myNtp": {
            "class": "NTP",
            "servers": [
                "0.pool.ntp.org"
            ],
            "timezone": "UTC"
        },
        "myProvisioning": {
            "asm": "nominal",
            "class": "Provision",
            "ltm": "nominal"
        },
        "mySystem": {
            "autoPhonehome": false,
            "class": "System",
            "hostname": "{{ HOST_NAME }}"
        }
    },
    "async": true,
    "class": "Device",
    "label": "my BIG-IP declaration for declarative onboarding",
    "schemaVersion": "1.0.0"
}