{
	"$schema": "https://schema.management.azure.com/schemas/2019-08-01/deploymentTemplate.json#",
	"contentVersion": "1.0.0.0",
	"parameters": {
		"dnsLabel": {
			"defaultValue": "appDns",
			"metadata": {
				"description": "Unique DNS name for the public IP address used to access the virtual machine."
			},
			"type": "string"
		},
		"externalLoadBalancerName": {
			"defaultValue": "None",
			"metadata": {
				"description": "Valid values include 'None', or an external load balancer name. A value of 'None' will not create external load balancer. Specifying a name creates a external load balancer with the name specified."
			},
			"type": "string"
		},
		"internalLoadBalancerName": {
			"defaultValue": "None",
			"metadata": {
				"description": "Valid values include 'None', or an internal load balancer name. A value of 'None' will not create internal load balancer. Specifying a name creates a internal load balancer with the name specified."
			},
			"type": "string"
		},
		"internalLoadBalancerProbePort": {
			"defaultValue": "3456",
			"metadata": {
				"description": "Specify a TCP port for the internal load balancer to monitor. If you specified None for provision internal load balancer, this setting has no effect."
			},
			"type": "string"
		},
		"internalSubnetId": {
			"defaultValue": "",
			"metadata": {
				"description": "Enter subnet id to use for frontend internal load balancer configuration. If you specified None for provision internal load balancer, this setting has no effect."
			},
			"type": "string"
		},
		"loadBalancerRulePorts": {
			"defaultValue": [
				"80",
				"443"
			],
			"metadata": {
				"description": "Valid values include valid tcp ports. Enter an array of ports your applications use. Example: '[80,443,445]'"
			},
			"type": "array"
		},
		"numberPublicAppIPAddresses": {
			"defaultValue": 1,
			"metadata": {
				"description": "Enter the number of public ip address to create. At least one is required to build ELB."
			},
			"type": "int"
		},
		"numberPublicMgmtIPAddresses": {
			"defaultValue": 0,
			"metadata": {
				"description": "Enter the number of public mgmt ip addresses to create."
			},
			"type": "int"
		},
		"tagValues": {
			"defaultValue": {
				"application": "APP",
				"cost": "COST",
				"environment": "ENV",
				"group": "GROUP",
				"owner": "OWNER"
			},
			"metadata": {
				"description": "Default key/value resource tags will be added to the resources in this deployment, if you would like the values to be unique adjust them as needed for each key."
			},
			"type": "object"
		}
	},
	"variables": {
		"appLoadBalancerFrontEnd": "[if(equals(parameters('numberPublicMgmtIPAddresses'), 0), variables('constructFrontEndIPConfigID'), union(variables('constructFrontEndIPConfigID'), variables('mgmtLoadBalancerFrontEnd')))]",
		"copy": [
			{
				"count": "[parameters('numberPublicAppIPAddresses')]",
				"input": {
					"name": "[concat('loadBalancerFrontEnd', copyIndex('constructFrontEndIPConfigID'))]",
					"properties": {
						"publicIPAddress": {
							"id": "[resourceId('Microsoft.Network/publicIPAddresses', concat(variables('dnsLabel'), '-app-pip', copyIndex('constructFrontEndIPConfigID')))]"
						}
					}
				},
				"name": "constructFrontEndIPConfigID"
			},
			{
				"count": "[variables('loadBalancerRulePortsLength')]",
				"input": {
					"name": "[concat('app-', parameters('loadBalancerRulePorts')[copyIndex('constructLoadBalancerRule')])]",
					"properties": {
						"backendAddressPool": {
							"id": "[concat(resourceId('Microsoft.Network/loadBalancers', parameters('externalLoadBalancerName')), '/backendAddressPools/loadBalancerBackEnd')]"
						},
						"backendPort": "[parameters('loadBalancerRulePorts')[copyIndex('constructLoadBalancerRule')]]",
						"frontendIPConfiguration": {
							"id": "[concat(resourceId('Microsoft.Network/loadBalancers', parameters('externalLoadBalancerName')), '/frontendIpConfigurations/loadBalancerFrontEnd0')]"
						},
						"frontendPort": "[parameters('loadBalancerRulePorts')[copyIndex('constructLoadBalancerRule')]]",
						"idleTimeoutInMinutes": 15,
						"probe": {
							"id": "[concat(resourceId('Microsoft.Network/loadBalancers', parameters('externalLoadBalancerName')), '/probes/tcp_probe_', parameters('loadBalancerRulePorts')[copyIndex('constructLoadBalancerRule')])]"
						},
						"protocol": "Tcp"
					}
				},
				"name": "constructLoadBalancerRule"
			},
			{
				"count": "[variables('loadBalancerRulePortsLength')]",
				"input": {
					"name": "[concat('tcp_probe_', parameters('loadBalancerRulePorts')[copyIndex('constructLoadBalancerProbes')])]",
					"properties": {
						"intervalInSeconds": 15,
						"numberOfProbes": 3,
						"port": "[parameters('loadBalancerRulePorts')[copyIndex('constructLoadBalancerProbes')]]",
						"protocol": "Tcp"
					}
				},
				"name": "constructLoadBalancerProbes"
			}
		],
		"dnsLabel": "[toLower(parameters('dnsLabel'))]",
		"inboundNatPoolsArray": [
			{
				"name": "sshnatpool",
				"properties": {
					"backendPort": 22,
					"frontendIPConfiguration": {
						"id": "[concat(resourceId('Microsoft.Network/loadBalancers', parameters('externalLoadBalancerName')), '/frontendIpConfigurations/loadBalancerMgmtFrontEnd')]"
					},
					"frontendPortRangeEnd": 50100,
					"frontendPortRangeStart": 50001,
					"protocol": "Tcp"
				}
			},
			{
				"name": "mgmtnatpool",
				"properties": {
					"backendPort": 8443,
					"frontendIPConfiguration": {
						"id": "[concat(resourceId('Microsoft.Network/loadBalancers', parameters('externalLoadBalancerName')), '/frontendIpConfigurations/loadBalancerMgmtFrontEnd')]"
					},
					"frontendPortRangeEnd": 50200,
					"frontendPortRangeStart": 50101,
					"protocol": "Tcp"
				}
			}
		],
		"loadBalancerBackEnd": [
			{
				"name": "loadBalancerBackEnd"
			}
		],
		"loadBalancerBackEndArray": "[if(equals(parameters('numberPublicMgmtIPAddresses'), 0), variables('loadBalancerBackEnd'), union(variables('loadBalancerBackEnd'), variables('loadBalancerMgmtBackEnd')))]",
		"loadBalancerMgmtBackEnd": [
			{
				"name": "loadBalancerMgmtBackEnd"
			}
		],
		"loadBalancerRulePortsLength": "[length(parameters('loadBalancerRulePorts'))]",
		"loadBalancingProbesArray": "[variables('constructLoadBalancerProbes')]",
		"loadBalancingRulesArray": "[variables('constructLoadBalancerRule')]",
		"mgmtLoadBalancerFrontEnd": [
			{
				"name": "loadBalancerMgmtFrontEnd",
				"properties": {
					"publicIPAddress": {
						"id": "[resourceId('Microsoft.Network/publicIPAddresses', concat(variables('dnsLabel'), '-mgmt-pip0'))]"
					}
				}
			}
		],
		"networkApiVersion": "2019-04-01",
		"outboundRuleConfigArray": [
			{
				"name": "outboundRuleForInit",
				"properties": {
					"backendAddressPool": {
						"id": "[concat(resourceId('Microsoft.Network/loadBalancers', parameters('externalLoadBalancerName')), '/backendAddressPools/loadBalancerMgmtBackEnd')]"
					},
					"frontendIPConfigurations": [
						{
							"id": "[concat(resourceId('Microsoft.Network/loadBalancers', parameters('externalLoadBalancerName')), '/frontendIpConfigurations/loadBalancerMgmtFrontEnd')]"
						}
					],
					"protocol": "All"
				}
			}
		]
	},
	"resources": [
		{
			"apiVersion": "[variables('networkApiVersion')]",
			"condition": "[greater(parameters('numberPublicMgmtIPAddresses'), 0)]",
			"copy": {
				"count": "[parameters('numberPublicMgmtIPAddresses')]",
				"name": "mgmtpipcopy"
			},
			"location": "[resourceGroup().location]",
			"name": "[concat(variables('dnsLabel'), '-mgmt-pip', copyIndex())]",
			"properties": {
				"dnsSettings": {
					"domainNameLabel": "[concat(variables('dnsLabel'), '-mgmt', copyIndex(0))]"
				},
				"idleTimeoutInMinutes": 30,
				"publicIPAllocationMethod": "Static"
			},
			"sku": {
				"name": "Standard"
			},
			"tags": "[if(empty(parameters('tagValues')), json('null'), parameters('tagValues'))]",
			"type": "Microsoft.Network/publicIPAddresses"
		},
		{
			"apiVersion": "[variables('networkApiVersion')]",
			"condition": "[greater(parameters('numberPublicAppIPAddresses'), 0)]",
			"copy": {
				"count": "[parameters('numberPublicAppIPAddresses')]",
				"name": "apppipcopy"
			},
			"location": "[resourceGroup().location]",
			"name": "[concat(variables('dnsLabel'), '-app-pip', copyIndex())]",
			"properties": {
				"dnsSettings": {
					"domainNameLabel": "[concat(variables('dnsLabel'), '-app', copyIndex(0))]"
				},
				"idleTimeoutInMinutes": 30,
				"publicIPAllocationMethod": "Static"
			},
			"sku": {
				"name": "Standard"
			},
			"tags": "[if(empty(parameters('tagValues')), json('null'), parameters('tagValues'))]",
			"type": "Microsoft.Network/publicIPAddresses"
		},
		{
			"apiVersion": "[variables('networkApiVersion')]",
			"condition": "[not(equals(toLower(parameters('externalLoadBalancerName')), string('none')))]",
			"dependsOn": [
				"apppipcopy"
			],
			"location": "[resourceGroup().location]",
			"name": "[if(not(equals(tolower(parameters('externalLoadBalancerName')), string('none'))), parameters('externalLoadBalancerName'), string('none1'))]",
			"properties": {
				"backendAddressPools": "[variables('loadBalancerBackEndArray')]",
				"frontendIPConfigurations": "[variables('appLoadBalancerFrontEnd')]",
				"inboundNatPools": "[if(equals(parameters('numberPublicMgmtIPAddresses'), 0), json('null'), variables('inboundNatPoolsArray'))]",
				"loadBalancingRules": "[variables('loadBalancingRulesArray')]",
				"outboundRules": "[if(equals(parameters('numberPublicMgmtIPAddresses'), 0), json('null'), variables('outboundRuleConfigArray'))]",
				"probes": "[variables('loadBalancingProbesArray')]"
			},
			"sku": {
				"name": "Standard"
			},
			"tags": "[if(empty(parameters('tagValues')), json('null'), parameters('tagValues'))]",
			"type": "Microsoft.Network/loadBalancers"
		},
		{
			"apiVersion": "[variables('networkApiVersion')]",
			"condition": "[not(equals(toLower(parameters('internalLoadBalancerName')), string('none')))]",
			"location": "[resourceGroup().location]",
			"name": "[parameters('internalLoadBalancerName')]",
			"properties": {
				"backendAddressPools": [
					{
						"name": "loadBalancerBackEnd"
					}
				],
				"frontendIPConfigurations": [
					{
						"name": "loadBalancerFrontEnd",
						"properties": {
							"privateIPAllocationMethod": "Dynamic",
							"subnet": {
								"id": "[parameters('internalSubnetId')]"
							}
						}
					}
				],
				"loadBalancingRules": [
					{
						"name": "allProtocolLbRule",
						"properties": {
							"backendAddressPool": {
								"id": "[concat(resourceId('Microsoft.Network/loadBalancers', parameters('internalLoadBalancerName')), '/backendAddressPools/loadBalancerBackEnd')]"
							},
							"backendPort": 0,
							"enableFloatingIP": false,
							"frontendIPConfiguration": {
								"id": "[concat(resourceId('Microsoft.Network/loadBalancers', parameters('internalLoadBalancerName')), '/frontendIpConfigurations/loadBalancerFrontEnd')]"
							},
							"frontendPort": 0,
							"idleTimeoutInMinutes": 15,
							"loadDistribution": "Default",
							"probe": {
								"id": "[concat(resourceId('Microsoft.Network/loadBalancers', parameters('internalLoadBalancerName')), '/probes/tcp-probe-', parameters('internalLoadBalancerProbePort'))]"
							},
							"protocol": "All"
						}
					}
				],
				"probes": [
					{
						"name": "[concat('tcp-probe-', parameters('internalLoadBalancerProbePort'))]",
						"properties": {
							"intervalInSeconds": 5,
							"numberOfProbes": 2,
							"port": "[parameters('internalLoadBalancerProbePort')]",
							"protocol": "Tcp"
						}
					}
				]
			},
			"sku": {
				"name": "Standard"
			},
			"tags": "[if(empty(parameters('tagValues')), json('null'), parameters('tagValues'))]",
			"type": "Microsoft.Network/loadBalancers"
		}
	],
	"outputs": {
		"appIpIds": {
			"condition": "[greater(parameters('numberPublicAppIPAddresses'), 0)]",
			"copy": {
				"count": "[parameters('numberPublicAppIPAddresses')]",
				"input": "[resourceId('Microsoft.Network/publicIPAddresses', concat(variables('dnsLabel'), '-app-pip', copyIndex()))]"
			},
			"type": "array"
		},
		"appIps": {
			"condition": "[greater(parameters('numberPublicAppIPAddresses'), 0)]",
			"copy": {
				"count": "[parameters('numberPublicAppIPAddresses')]",
				"input": "[reference(resourceId('Microsoft.Network/publicIPAddresses', concat(variables('dnsLabel'), '-app-pip', copyIndex()))).ipAddress]"
			},
			"type": "array"
		},
		"externalBackEndLoadBalancerID": {
			"condition": "[not(equals(toLower(parameters('externalLoadBalancerName')), string('none')))]",
			"type": "string",
			"value": "[concat(resourceId('Microsoft.Network/loadBalancers', parameters('externalLoadBalancerName')), '/backendAddressPools/loadBalancerBackEnd')]"
		},
		"externalBackEndMgmtLoadBalancerID": {
			"condition": "[and(not(equals(toLower(parameters('externalLoadBalancerName')), string('none'))), greater(parameters('numberPublicMgmtIPAddresses'), 0))]",
			"type": "string",
			"value": "[concat(resourceId('Microsoft.Network/loadBalancers', parameters('externalLoadBalancerName')), '/backendAddressPools/loadBalancerMgmtBackEnd')]"
		},
		"externalFrontEndLoadBalancerID": {
			"condition": "[not(equals(toLower(parameters('externalLoadBalancerName')), string('none')))]",
			"copy": {
				"count": "[parameters('numberPublicAppIPAddresses')]",
				"input": "[concat(resourceId('Microsoft.Network/loadBalancers', parameters('externalLoadBalancerName')), '/frontendIPConfigurations/loadBalancerFrontEnd', copyIndex())]"
			},
			"type": "array"
		},
		"externalFrontEndLoadBalancerInboundID": {
			"condition": "[and(not(equals(toLower(parameters('externalLoadBalancerName')), string('none'))), equals(parameters('numberPublicMgmtIPAddresses'), 0))]",
			"type": "string",
			"value": "[concat(resourceId('Microsoft.Network/loadBalancers', parameters('externalLoadBalancerName')), '/frontendIPConfigurations/loadBalancerMgmtFrontEnd')]"
		},
		"externalFrontEndMgmtLoadBalancerID": {
			"condition": "[and(not(equals(toLower(parameters('externalLoadBalancerName')), string('none'))), greater(parameters('numberPublicMgmtIPAddresses'), 0))]",
			"type": "string",
			"value": "[concat(resourceId('Microsoft.Network/loadBalancers', parameters('externalLoadBalancerName')), '/frontendIPConfigurations/loadBalancerMgmtFrontEnd')]"
		},
		"externalLoadBalancer": {
			"condition": "[not(equals(toLower(parameters('externalLoadBalancerName')), string('none')))]",
			"type": "string",
			"value": "[resourceId('Microsoft.Network/loadBalancers', parameters('externalLoadBalancerName'))]"
		},
		"externalLoadBalancerProbesID": {
			"condition": "[not(equals(toLower(parameters('externalLoadBalancerName')), string('none')))]",
			"copy": {
				"count": "[variables('loadBalancerRulePortsLength')]",
				"input": "[concat(resourceId('Microsoft.Network/loadBalancers', parameters('externalLoadBalancerName')), '/probes/tcp_probe_', parameters('loadBalancerRulePorts')[copyIndex()])]"
			},
			"type": "array"
		},
		"externalLoadBalancerRulesID": {
			"condition": "[not(equals(toLower(parameters('externalLoadBalancerName')), string('none')))]",
			"copy": {
				"count": "[variables('loadBalancerRulePortsLength')]",
				"input": "[concat(resourceId('Microsoft.Network/loadBalancers', parameters('externalLoadBalancerName')), '/loadBalancingRules/app-', parameters('loadBalancerRulePorts')[copyIndex()])]"
			},
			"type": "array"
		},
		"inboundMgmtNatPool": {
			"condition": "[greater(parameters('numberPublicMgmtIPAddresses'), 0)]",
			"type": "string",
			"value": "[concat(resourceId('Microsoft.Network/loadBalancers', parameters('externalLoadBalancerName')), '/inboundNatPools/mgmtnatpool')]"
		},
		"inboundSshNatPool": {
			"condition": "[greater(parameters('numberPublicMgmtIPAddresses'), 0)]",
			"type": "string",
			"value": "[concat(resourceId('Microsoft.Network/loadBalancers', parameters('externalLoadBalancerName')), '/inboundNatPools/sshnatpool')]"
		},
		"internalBackEndLoadBalancerID": {
			"condition": "[not(equals(toLower(parameters('internalLoadBalancerName')), string('none')))]",
			"type": "string",
			"value": "[concat(resourceId('Microsoft.Network/loadBalancers', parameters('internalLoadBalancerName')), '/backendAddressPools/loadBalancerBackEnd')]"
		},
		"internalFrontEndLoadBalancerIP": {
			"condition": "[not(equals(toLower(parameters('internalLoadBalancerName')), string('none')))]",
			"type": "string",
			"value": "[reference(parameters('internalLoadBalancerName')).frontendIPConfigurations[0].properties.privateIPAddress]"
		},
		"internalLoadBalancerProbeID": {
			"condition": "[not(equals(toLower(parameters('internalLoadBalancerName')), string('none')))]",
			"type": "string",
			"value": "[concat(resourceId('Microsoft.Network/loadBalancers', parameters('internalLoadBalancerName')), '/probes/tcp-probe-', parameters('internalLoadBalancerProbePort'))]"
		},
		"internalLoadBalancer": {
			"condition": "[not(equals(toLower(parameters('internalLoadBalancerName')), string('none')))]",
			"type": "string",
			"value": "[resourceId('Microsoft.Network/loadBalancers', parameters('internalLoadBalancerName'))]"
		},
		"mgmtIpIds": {
			"condition": "[greater(parameters('numberPublicMgmtIPAddresses'), 0)]",
			"copy": {
				"count": "[parameters('numberPublicMgmtIPAddresses')]",
				"input": "[resourceId('Microsoft.Network/publicIPAddresses', concat(variables('dnsLabel'), '-mgmt-pip', copyIndex()))]"
			},
			"type": "array"
		},
		"mgmtIps": {
			"condition": "[greater(parameters('numberPublicMgmtIPAddresses'), 0)]",
			"copy": {
				"count": "[parameters('numberPublicMgmtIPAddresses')]",
				"input": "[reference(resourceId('Microsoft.Network/publicIPAddresses', concat(variables('dnsLabel'), '-mgmt-pip', copyIndex()))).ipAddress]"
			},
			"type": "array"
		}
	}
}