{
	"$schema": "http://schema.management.azure.com/schemas/2015-01-01/deploymentParameters.json#",
	"contentVersion": "1.0.0.0",
	"parameters": {
		"dnsLabel": {
			"value": "appDns"
		},
		"externalLoadBalancerName": {
			"value": "None"
		},
		"internalLoadBalancerName": {
			"value": "None"
		},
		"internalLoadBalancerProbePort": {
			"value": 3456
		},
		"internalSubnetId": {
			"value": ""
		},
		"loadBalancerRulePorts": {
			"value": [
				"80",
				"443"
			]
		},
		"numberPublicAppIPAddresses": {
			"value": 1
		},
		"numberPublicMgmtIPAddresses": {
			"value": 0
		},
		"tagValues": {
			"value": {
				"application": "APP",
				"cost": "COST",
				"environment": "ENV",
				"group": "GROUP",
				"owner": "OWNER"
			}
		}
	}
}