{
	"$schema": "https://schema.management.azure.com/schemas/2015-01-01/deploymentTemplate.json#",
	"contentVersion": "1.0.0.0",
	"parameters": {
		"artifactLocation": {
			"defaultValue": "f5-azure-arm-templates-v2/examples/",
			"metadata": {
				"description": "Location where modules folder is stored."
			},
			"type": "string"
		},
		"templateBaseUrl": {
			"defaultValue": "https://cdn.f5.com/product/cloudsolutions/",
			"metadata": {
				"description": "URL where templates are stored."
			},
			"type": "string"
		}
	},
	"variables": {
		"deploymentApiVersion": "2019-05-01"
	},
	"resources": [
		{
			"apiVersion": "[variables('deploymentApiVersion')]",
			"name": "dagTemplate",
			"properties": {
				"mode": "Incremental",
				"parameters": {
					"dnsLabel": {
						"value": "appDns"
					},
					"externalLoadBalancerName": {
						"value": "None"
					},
					"internalLoadBalancerName": {
						"value": "None"
					},
					"internalLoadBalancerProbePort": {
						"value": 3456
					},
					"internalSubnetId": {
						"value": ""
					},
					"loadBalancerRulePorts": {
						"value": [
							"80",
							"443"
						]
					},
					"numberPublicAppIPAddresses": {
						"value": 1
					},
					"numberPublicMgmtIPAddresses": {
						"value": 0
					},
					"tagValues": {
						"value": {
							"application": "APP",
							"cost": "COST",
							"environment": "ENV",
							"group": "GROUP",
							"owner": "OWNER"
						}
					}
				},
				"templateLink": {
					"contentVersion": "1.0.0.0",
					"uri": "[concat(parameters('templateBaseUrl'), parameters('artifactLocation'), 'modules/dag/dag.json')]"
				}
			},
			"type": "Microsoft.Resources/deployments"
		}
	],
	"outputs": {
		"appIpIds": {
			"type": "array",
			"value": "[reference('dagTemplate').outputs.appIpIds.value]"
		},
		"appIps": {
			"type": "array",
			"value": "[reference('dagTemplate').outputs.appIps.value]"
		},
		"externalBackEndLoadBalancerID": {
			"type": "string",
			"value": "[reference('dagTemplate').outputs.externalBackEndLoadBalancerID.value]"
		},
		"externalBackEndMgmtLoadBalancerID": {
			"type": "string",
			"value": "[reference('dagTemplate').outputs.externalBackEndMgmtLoadBalancerID.value]"
		},
		"externalFrontEndLoadBalancerID": {
			"type": "array",
			"value": "[reference('dagTemplate').outputs.externalFrontEndLoadBalancerID.value]"
		},
		"externalFrontEndLoadBalancerInboundID": {
			"type": "string",
			"value": "[reference('dagTemplate').outputs.externalFrontEndLoadBalancerInboundID.value]"
		},
		"externalFrontEndMgmtLoadBalancerID": {
			"type": "string",
			"value": "[reference('dagTemplate').outputs.externalFrontEndMgmtLoadBalancerID.value]"
		},
		"externalLoadBalancer": {
			"type": "string",
			"value": "[reference('dagTemplate').outputs.externalLoadBalancer.value]"
		},
		"externalLoadBalancerProbesID": {
			"type": "array",
			"value": "[reference('dagTemplate').outputs.externalLoadBalancerProbesID.value]"
		},
		"externalLoadBalancerRulesID": {
			"type": "array",
			"value": "[reference('dagTemplate').outputs.externalLoadBalancerRulesID.value]"
		},
		"mgmtIpIds": {
			"type": "array",
			"value": "[reference('dagTemplate').outputs.mgmtIpIds.value]"
		},
		"mgmtIps": {
			"type": "array",
			"value": "[reference('dagTemplate').outputs.mgmtIps.value]"
		}
	}
}