{
	"$schema": "https://schema.management.azure.com/schemas/2015-01-01/deploymentParameters.json#",
	"contentVersion": "1.0.0.0",
	"parameters": {
		"templateBaseUrl": {
			"value": "https://cdn.f5.com/product/cloudsolutions/"
		},
		"artifactLocation": {
			"value": "f5-azure-arm-templates-v2/examples/"
		},
		"uniqueString": {
			"value": ""
		},
		"appContainer": {
			"value": "f5devcentral/f5-demo-app:1.0.1"
		},
		"runtimeConfig": {
			"value": "https://github.com/F5Networks/f5-azure-arm-templates-v2/blob/master/examples/autoscale/bigip-configurations/runtime-init-conf-bigiq.yaml"
		},
		"restrictedSrcMgmtAddress": {
			"value": ""
		},
		"useAvailabilityZones": {
			"value": true
		},
		"bigIqAddress": {
			"value": ""
		},
		"bigIqUsername": {
			"value": "azureuser"
		},
		"bigIqLicensePoolName": {
			"value": "Default"
		},
		"bigIqTenant": {
			"value": "Default"
		},
		"bigIqUtilityKey": {
			"value": "Default"
		},
		"bigIqUtilityOffer": {
			"value": "Default"
		},
		"bigIqVnetId": {
			"value": "Default"
		},
		"tagValues": {
			"value": {
				"application": "APP",
				"cost": "COST",
				"environment": "ENV",
				"group": "GROUP",
				"owner": "OWNER"
			}
		}
	}
}