{
	"$schema": "http://schema.management.azure.com/schemas/2015-01-01/deploymentParameters.json#",
	"contentVersion": "1.0.0.0",
	"parameters": {
		"adminUsername": {
			"value": "azureuser"
		},
		"appInsights": {
			"value": ""
		},
		"cpuMetricName": {
			"value": "Percentage CPU"
		},
		"customAutoscaleRules": {
			"value": []
		},
		"customEmail": {
			"value": []
		},
		"dnsLabel": {
			"value": "appDns"
		},
		"image": {
			"value": "f5-networks:f5-big-ip-best:f5-bigip-virtual-edition-25m-best-hourly:15.1.002000"
		},
		"inboundMgmtNatPoolID": {
			"value": ""
		},
		"inboundSshNatPoolID": {
			"value": ""
		},
		"instanceHealthProbeID": {
			"value": ""
		},
		"instanceType": {
			"value": "Standard_DS2_v2"
		},
		"loadBalancerBackendAddressPoolsArray": {
			"value": []
		},
		"nsgID": {
			"value": ""
		},
		"provisionPublicIP": {
			"value": {}
		},
		"roleDefinitionId": {
			"value": ""
		},
		"runtimeConfig": {
			"value": ""
		},
		"scaleInCpuThreshold": {
			"value": 20
		},
		"scaleInThroughputThreshold": {
			"value": 10000000
		},
		"scaleInTimeWindow": {
			"value": 10
		},
		"scaleOutCpuThreshold": {
			"value": 80
		},
		"scaleOutThroughputThreshold": {
			"value": 20000000
		},
		"scaleOutTimeWindow": {
			"value": 10
		},
		"sshKey": {
			"value": ""
		},
		"subnetId": {
			"value": ""
		},
		"tagValues": {
			"value": {
				"application": "APP",
				"cost": "COST",
				"environment": "ENV",
				"group": "GROUP",
				"owner": "OWNER"
			}
		},
		"throughputMetricName": {
			"value": "Network In"
		},
		"useAvailabilityZones": {
			"value": "Yes"
		},
		"userAssignManagedIdentity": {
			"value": ""
		},
		"vmScaleSetMaxCount": {
			"value": 4
		},
		"vmScaleSetMinCount": {
			"value": 2
		},
		"vmssName": {
			"value": "bigip-vmss"
		}
	}
}